customer_id,tenure,monthly_charges,total_charges,contract,internet_service,payment_method,num_active_services,senior_citizen,churn_score,predicted_label
ref-1449,7,75.66579451151351,2608.8875377782133,One year,Fiber optic,Bank transfer (automatic),2,0,0.8336791551621741,1
ref-215,19,20.71730757484901,2492.1722598776933,Month-to-month,Fiber optic,Electronic check,2,1,0.48030720612832833,0
ref-349,12,97.16791696040444,622.7820878868397,Month-to-month,No,Credit card (automatic),6,0,0.35098836099523145,0
ref-2044,20,60.15441209643712,782.9510733791865,Month-to-month,DSL,Credit card (automatic),4,0,0.43294273129569927,0
ref-2759,31,43.29913001023214,277.1888907456975,Month-to-month,Fiber optic,Bank transfer (automatic),4,1,0.49207939747788026,0
ref-1182,50,30.51934831158404,1328.5773968612032,Month-to-month,DSL,Bank transfer (automatic),8,0,0.20054820290216874,0
ref-1609,9,32.87813085227202,253.83080665422224,Month-to-month,No,Credit card (automatic),5,0,0.17727911236729932,0
ref-2364,55,44.81611554714964,874.0120000814178,One year,Fiber optic,Mailed check,1,0,0.6419968491329184,1
ref-705,41,115.39105668632786,330.751581763558,Two year,Fiber optic,Electronic check,3,0,0.42354804463399576,0
ref-12,53,54.160427824587465,3966.426128112937,Month-to-month,Fiber optic,Electronic check,1,0,0.3692305456394277,0
ref-2153,39,41.34424490871567,709.0203478625635,Month-to-month,Fiber optic,Bank transfer (automatic),4,1,0.6553443268645487,1
ref-1253,57,27.54651102474932,8500.0,Month-to-month,No,Credit card (automatic),6,0,0.5116833492137358,1
ref-2249,30,46.203138973346775,2980.4417215681697,Two year,Fiber optic,Mailed check,8,1,0.9275681362926658,1
ref-1581,15,50.83488828069398,625.22823862428,One year,Fiber optic,Electronic check,8,0,0.8746924942540681,1
ref-2542,69,64.32785582028907,324.0225473757995,Month-to-month,DSL,Electronic check,2,0,0.41114666072888606,0
ref-2159,24,46.55692303505094,368.66543326799695,Two year,DSL,Bank transfer (automatic),3,1,0.6494120085793235,1
ref-2465,14,93.03860503293068,249.7863201789456,Month-to-month,DSL,Electronic check,0,0,0.42640347696181236,0
ref-1439,69,88.68835981537457,1047.8878773215176,Month-to-month,Fiber optic,Credit card (automatic),0,0,0.8958466746812546,1
ref-690,72,52.55681607264583,3385.4128473078663,Two year,DSL,Mailed check,6,1,0.8049719773736871,1
ref-2741,7,18.0,1392.6252363897106,One year,No,Mailed check,5,1,0.6445767491316186,1
ref-1916,20,79.44994163326703,112.83237414479532,Month-to-month,Fiber optic,Credit card (automatic),4,1,0.6451704383118037,1
ref-1294,69,104.31402110844272,277.99827029370954,Month-to-month,Fiber optic,Mailed check,1,0,0.4324351367002686,0
ref-1339,29,37.109140911852165,1002.6168416579758,One year,DSL,Electronic check,6,1,0.6249109772123979,1
ref-2308,22,95.25213861332864,3898.8048191178023,One year,No,Mailed check,6,0,0.7004993274924908,1
ref-2937,52,41.320258837961866,1648.457974990878,Month-to-month,Fiber optic,Electronic check,3,0,1.0,1
ref-2520,32,66.44979214201857,3326.350569823384,Two year,DSL,Bank transfer (automatic),5,0,0.5289924863909687,1
ref-2605,55,70.04709588360751,1031.3956534834338,Two year,DSL,Credit card (automatic),1,0,0.3926588058401915,0
ref-1486,11,118.0,1545.8742577680182,Month-to-month,DSL,Credit card (automatic),7,1,0.70734521118574,1
ref-461,10,101.1033688866655,1522.2400825104191,Two year,Fiber optic,Electronic check,8,1,0.46135656254918084,0
ref-2076,33,95.82405534103488,206.1398483562744,Month-to-month,DSL,Mailed check,8,1,0.6727021638017912,1
ref-2955,72,32.45610574642387,177.4038528017279,One year,DSL,Credit card (automatic),5,0,0.3630744163995062,0
ref-1589,2,118.0,567.7611538788674,Month-to-month,No,Electronic check,3,0,0.470950975644914,0
ref-619,10,31.52955009392547,335.11320065447563,Two year,DSL,Bank transfer (automatic),8,0,0.2591005523940154,0
ref-447,69,59.64399055019751,254.14954914731945,Two year,Fiber optic,Credit card (automatic),2,1,0.8424526387788784,1
ref-374,64,77.26159335334738,132.3591082746504,Month-to-month,Fiber optic,Credit card (automatic),2,0,0.24718207678335524,0
ref-1398,1,44.53328934340068,2073.241562136905,Month-to-month,DSL,Credit card (automatic),0,1,1.0,1
ref-1534,59,40.803272162336334,253.1075830848837,Month-to-month,DSL,Credit card (automatic),5,1,0.26019775400990175,0
ref-2281,25,34.6546863703667,2902.1999900816663,Month-to-month,DSL,Credit card (automatic),4,0,0.517924934528009,1
ref-67,27,49.29225385003987,803.2861192818527,Month-to-month,DSL,Electronic check,2,0,0.30230628129682274,0
ref-222,51,39.5400148054887,356.65567357263154,One year,Fiber optic,Mailed check,1,0,0.299421024598831,0
ref-1365,1,50.919197462547714,1105.0675782715866,One year,DSL,Credit card (automatic),6,0,0.21894488503957157,0
ref-2376,62,77.23810706840631,941.5329171438976,Month-to-month,Fiber optic,Mailed check,8,0,0.23783062500577773,0
ref-2401,41,83.80295330180174,182.18688875845683,Month-to-month,Fiber optic,Electronic check,3,1,0.2154476927324093,0
ref-464,0,52.82257945931368,161.5529942353473,Month-to-month,Fiber optic,Electronic check,2,1,0.21976900254532855,0
ref-433,9,18.0,288.9934770019233,Two year,Fiber optic,Mailed check,6,0,0.6333202731265781,1
ref-2567,46,79.90403764730904,809.9554973327221,One year,Fiber optic,Mailed check,0,1,0.5597063907423746,1
ref-383,17,22.23296501208764,212.90454600989645,One year,No,Mailed check,1,0,0.48946758216047165,0
ref-192,44,75.3224462615634,1019.2684876524296,One year,DSL,Bank transfer (automatic),0,0,0.9981465294292315,1
ref-1963,59,30.35421756117104,816.4284869118712,Month-to-month,No,Bank transfer (automatic),2,1,0.134137228278879,0
ref-443,35,50.50055685745957,798.6547530222781,Month-to-month,Fiber optic,Credit card (automatic),5,1,0.23628782254285796,0
ref-973,34,58.06037516550579,1842.3758549539875,One year,DSL,Credit card (automatic),1,1,0.2964848577006066,0
ref-1653,43,87.15757196422285,329.89486321130823,Month-to-month,DSL,Electronic check,6,1,0.5320836190259381,1
ref-786,2,21.13012590761915,8500.0,Two year,Fiber optic,Mailed check,7,1,0.4998747145865767,0
ref-1828,44,42.79065821319514,716.4035565805447,Month-to-month,Fiber optic,Bank transfer (automatic),6,1,0.2164197787385581,0
ref-1184,30,118.0,2058.1871585710383,Month-to-month,DSL,Mailed check,4,1,0.4589619412181458,0
ref-513,59,118.0,42.99950323948292,Month-to-month,DSL,Bank transfer (automatic),1,1,0.5219676423800137,1
ref-1829,71,29.45599502030209,282.0882592423838,Two year,Fiber optic,Bank transfer (automatic),4,0,0.5584690026523796,1
ref-766,44,59.772931984528185,698.4927677566648,One year,No,Electronic check,4,1,0.4024006087337999,0
ref-504,20,35.14095802807148,347.371345403452,One year,DSL,Credit card (automatic),7,0,0.2823013839763447,0
ref-2731,38,89.40372255812527,227.6816150048065,Month-to-month,Fiber optic,Mailed check,1,1,0.944954572670939,1
ref-772,0,25.22550373411586,386.9997852831486,Month-to-month,No,Electronic check,1,1,0.19908037118497296,0
ref-2710,4,103.22501966189728,577.153926577161,Month-to-month,DSL,Credit card (automatic),6,0,0.5530258936361633,1
ref-453,1,18.0,224.0103389788164,Two year,Fiber optic,Credit card (automatic),8,0,0.16281288461215115,0
ref-1813,36,43.540183709587154,8500.0,Two year,DSL,Mailed check,8,0,0.4839310370513091,0
ref-1465,8,93.60962113319312,255.40414481638945,Month-to-month,Fiber optic,Credit card (automatic),5,1,0.16450146820366976,0
ref-1632,6,95.8156641182315,475.7825762355699,Month-to-month,Fiber optic,Credit card (automatic),5,1,0.3369994662520176,0
ref-1350,4,37.31522438701348,4412.377021623679,Two year,DSL,Credit card (automatic),4,0,0.41489229315712073,0
ref-216,5,98.8021255030199,974.6296712257988,Month-to-month,DSL,Bank transfer (automatic),6,0,0.19073020743138022,0
ref-782,8,23.66025199998113,1463.5366071783844,Two year,DSL,Credit card (automatic),6,0,0.7506985094923909,1
ref-832,33,112.35016687249464,933.4977217776316,Month-to-month,Fiber optic,Mailed check,0,0,0.412614916537509,0
ref-406,31,48.162496938371234,270.5778238029982,Two year,No,Mailed check,6,0,0.9852655975958501,1
ref-1903,18,31.280832242042727,688.631343194586,Month-to-month,Fiber optic,Mailed check,0,1,0.5434590813573078,1
ref-1153,66,43.14922221610857,2838.0051709064687,Month-to-month,DSL,Credit card (automatic),7,0,0.39687155322934065,0
ref-528,66,33.65733150148324,405.62257858013055,Month-to-month,Fiber optic,Mailed check,0,0,0.4750177578888772,0
ref-1172,28,52.80410682215071,41.59767887240275,One year,DSL,Mailed check,0,0,0.4690966814181906,0
ref-1860,54,20.826910176797725,168.71728464866823,One year,Fiber optic,Mailed check,0,1,0.7893200363787809,1
ref-2727,2,43.79163074765648,1353.0767507036933,Month-to-month,Fiber optic,Mailed check,1,0,0.6149693720180266,1
ref-2347,54,60.06682817457416,311.3803439958041,Month-to-month,DSL,Mailed check,3,0,0.7636763573778821,1
ref-2241,48,31.979092413794028,3770.726621895751,One year,DSL,Electronic check,5,0,0.2102363671183073,0
ref-1145,35,31.864872180849275,188.45820697639155,Two year,Fiber optic,Bank transfer (automatic),4,0,0.44786907780217433,0
ref-1169,66,53.22561225990395,4528.583129594136,Month-to-month,Fiber optic,Credit card (automatic),3,0,0.43289773657358754,0
ref-868,32,60.44200575350269,1126.1468870398703,Month-to-month,DSL,Bank transfer (automatic),8,0,1.0,1
ref-1361,4,65.3234374540827,176.0382457939602,One year,No,Mailed check,3,1,0.5007784792500736,1
ref-1743,1,105.9213688060818,548.3091789759762,Month-to-month,Fiber optic,Electronic check,6,0,0.4641994551660534,0
ref-853,17,56.461760859824366,557.0891820526848,Month-to-month,Fiber optic,Mailed check,2,0,0.6125982176226492,1
ref-36,62,66.26610160668753,412.1846816077799,Month-to-month,No,Credit card (automatic),3,0,0.10717726056619603,0
ref-1410,4,18.063106614902587,794.116475655005,One year,Fiber optic,Electronic check,8,1,0.1428066025926159,0
ref-1412,18,28.669406038930617,794.3476609215253,Month-to-month,Fiber optic,Bank transfer (automatic),1,0,0.28715912780572883,0
ref-702,12,118.0,3348.546846558006,Month-to-month,Fiber optic,Credit card (automatic),1,1,0.6979057600222212,1
ref-1966,27,68.61406560598911,1745.295906460943,One year,DSL,Bank transfer (automatic),6,0,0.3308475958448508,0
ref-2794,5,33.97684727535201,736.6336051046259,Month-to-month,Fiber optic,Electronic check,3,0,0.6818770787814026,1
ref-423,42,58.02468122484408,503.52509886208617,Two year,Fiber optic,Mailed check,2,1,0.10179674627609017,0
ref-2573,28,78.02048925150108,443.34904310150216,One year,Fiber optic,Credit card (automatic),7,0,0.3879375947033663,0
ref-757,27,51.47806830857675,2200.6289353305337,Two year,DSL,Bank transfer (automatic),5,0,0.476100135705226,0
ref-1287,17,41.18527750855564,148.25600847197782,Two year,Fiber optic,Mailed check,7,1,0.48181795677830686,0
ref-115,41,25.59933618013143,955.8423558319804,Two year,Fiber optic,Bank transfer (automatic),7,1,0.47201521898372567,0
ref-986,45,43.56863390737225,133.98465422031668,Month-to-month,DSL,Credit card (automatic),1,1,0.15920836910947905,0
ref-1945,8,25.827073973019285,1535.9782994170514,Month-to-month,No,Mailed check,8,1,0.14881299907471457,0
ref-1352,36,42.423183519924194,1178.9684120562083,Two year,No,Credit card (automatic),4,1,0.20982303290961887,0
ref-1565,33,55.03349520988546,1095.1382250999109,Month-to-month,DSL,Mailed check,3,1,0.734012847837348,1
ref-2333,60,84.21061863739313,322.6813618412213,Month-to-month,No,Credit card (automatic),8,0,0.5394099940831174,1
ref-2843,35,38.21253464035958,590.7615168474017,One year,No,Credit card (automatic),4,1,0.3615792631994552,0
ref-2093,14,19.63944854963998,586.3544461464979,One year,Fiber optic,Bank transfer (automatic),8,1,0.5904305095280861,1
ref-358,6,72.9948854504213,1188.7084011198726,One year,Fiber optic,Credit card (automatic),7,0,0.6185646453786575,1
ref-621,34,68.87100331103552,351.2238640998885,Month-to-month,Fiber optic,Electronic check,6,0,0.42222243715624336,0
ref-1494,29,18.0,540.8964395757233,Month-to-month,Fiber optic,Bank transfer (automatic),5,1,0.18612795819666172,0
ref-2375,72,64.65627290540617,674.7820117455494,Month-to-month,Fiber optic,Electronic check,7,0,0.6927555071122546,1
ref-2943,13,118.0,267.440591796462,One year,Fiber optic,Credit card (automatic),7,0,0.5751911656452573,1
ref-1840,31,75.95584964958002,3198.8402483905897,One year,DSL,Electronic check,4,1,0.3489423499556078,0
ref-2098,54,77.3792987797507,422.76026375586855,Two year,No,Mailed check,6,1,0.3906197641639799,0
ref-2474,7,69.26170045584405,2810.38504109113,Month-to-month,DSL,Electronic check,0,0,1.0,1
ref-2353,33,47.12007382839799,227.0808901566408,Month-to-month,Fiber optic,Mailed check,1,0,0.2261085378313657,0
ref-1076,51,32.48551509944588,271.9768570001823,One year,Fiber optic,Electronic check,1,1,0.39772803221444253,0
ref-720,10,118.0,340.68383456347755,Month-to-month,DSL,Mailed check,3,1,0.24562470626769867,0
ref-169,1,104.24105081022176,236.668991370431,Month-to-month,DSL,Bank transfer (automatic),5,0,0.4710019055988039,0
ref-2790,68,46.49633553418453,252.40805513600063,Month-to-month,DSL,Mailed check,4,1,0.7758842648345746,1
ref-2075,29,24.49741726937331,2727.5721609002485,Two year,DSL,Bank transfer (automatic),0,1,0.8664036973547367,1
ref-1664,38,63.15465521053716,499.5394596232651,Month-to-month,No,Credit card (automatic),3,1,0.6493617279905131,1
ref-1227,71,47.28236496531488,2620.3610451897825,One year,DSL,Credit card (automatic),2,1,0.4321740097695186,0
ref-347,68,54.57970671221245,363.3498933186058,Two year,DSL,Credit card (automatic),0,1,0.2709295025777813,0
ref-1541,17,82.48490534379715,630.5907243472611,One year,DSL,Credit card (automatic),7,0,0.37016158508878116,0
ref-764,26,28.22491200750488,1827.641074522612,One year,DSL,Bank transfer (automatic),3,0,0.4965317935208426,0
ref-551,28,118.0,186.6149051174705,Month-to-month,DSL,Bank transfer (automatic),1,1,0.36862001964086943,0
ref-91,58,35.35339715726581,337.8020209686592,Month-to-month,Fiber optic,Bank transfer (automatic),2,1,0.19044358789310045,0
ref-163,29,110.53187555332578,1550.178316044271,Month-to-month,No,Bank transfer (automatic),6,0,0.41816157777431745,0
ref-500,8,60.25541209438006,342.62979805562145,Month-to-month,DSL,Mailed check,0,0,0.45597913775456034,0
ref-1168,72,33.4457289038405,1305.0846744869398,Two year,Fiber optic,Credit card (automatic),2,0,0.3804953446870663,0
ref-1586,60,73.05276365366436,1598.5158692900766,One year,DSL,Credit card (automatic),2,0,0.5997959086234218,1
ref-629,26,72.2904382763397,5066.335178648076,Month-to-month,Fiber optic,Credit card (automatic),6,1,0.714390776273966,1
ref-1041,62,63.39266490245229,71.85403811055683,Month-to-month,DSL,Bank transfer (automatic),6,0,0.4976731999190275,0
ref-1684,26,43.00572522662772,1725.5541972613391,One year,DSL,Credit card (automatic),8,1,0.2140651530002547,0
ref-2490,24,35.29719067715163,3677.171994322669,One year,DSL,Mailed check,0,0,0.15261201717674444,0
ref-2691,44,118.0,1225.806679655621,Two year,No,Electronic check,0,0,0.6033525142778666,1
ref-1428,19,43.0207868520374,1631.4009742178516,One year,Fiber optic,Bank transfer (automatic),0,1,0.7999355366188577,1
ref-745,26,45.75913142908532,525.8675086036274,Month-to-month,Fiber optic,Mailed check,2,1,0.5058366661699337,1
ref-2486,17,118.0,4700.793221377156,Month-to-month,DSL,Bank transfer (automatic),5,0,0.28812437112750117,0
ref-462,54,18.0,802.0267703275476,One year,Fiber optic,Credit card (automatic),6,0,0.2852518219476497,0
ref-162,29,86.23816804597352,711.5563164134062,Two year,DSL,Credit card (automatic),6,1,0.1883669497823337,0
ref-700,37,39.92795931182602,630.6551510615878,One year,Fiber optic,Bank transfer (automatic),0,0,0.1156661659226931,0
ref-2395,47,18.0,672.7841266167454,Month-to-month,Fiber optic,Bank transfer (automatic),0,1,0.6114272138692048,1
ref-2231,5,51.8645556470389,1031.7097334254545,Two year,DSL,Bank transfer (automatic),7,1,0.5028789926233302,1
ref-437,67,71.65129684185125,2333.578993380216,One year,Fiber optic,Electronic check,6,1,0.8310635093964452,1
ref-2299,65,18.689540647041092,3123.1937990324795,Month-to-month,Fiber optic,Bank transfer (automatic),3,1,0.9457168432024603,1
ref-1727,41,35.37688314882224,710.5039472426314,Two year,DSL,Credit card (automatic),6,0,0.809700162671965,1
ref-381,68,54.95921189037578,244.01298564188943,One year,No,Credit card (automatic),5,1,0.25111810941147744,0
ref-2583,48,22.96409529006217,5005.36463775668,Month-to-month,Fiber optic,Electronic check,8,1,0.2779010425408906,0
ref-1791,64,53.15223950644912,1364.2334316451972,One year,DSL,Credit card (automatic),4,0,0.6598827757325658,1
ref-845,0,40.61213415211424,4039.719279436023,Two year,DSL,Bank transfer (automatic),3,0,0.3144010479212147,0
ref-2845,33,54.60699906029102,428.8686350596482,Month-to-month,Fiber optic,Electronic check,8,1,0.6665215002201451,1
ref-1017,36,61.99342124740738,1255.650822757543,Two year,Fiber optic,Mailed check,0,1,0.6879118501737075,1
ref-2823,71,41.33679557422539,694.2051800566121,Month-to-month,DSL,Credit card (automatic),4,0,0.31664672545088346,0
ref-1026,5,58.2219841532568,4486.33037635325,Two year,Fiber optic,Credit card (automatic),4,0,0.655383519469546,1
ref-1156,8,54.35081571560114,597.5206423337191,Month-to-month,Fiber optic,Electronic check,3,0,0.7003816884511982,1
ref-2030,40,26.37928450166571,1827.170766614423,One year,DSL,Mailed check,0,1,0.31728522803537745,0
ref-1815,8,27.68271291699435,590.4441003926437,Month-to-month,Fiber optic,Credit card (automatic),6,0,0.37943668535324143,0
ref-1844,54,118.0,1791.416155861691,Month-to-month,DSL,Electronic check,2,1,0.5009966779518531,1
ref-1772,26,28.640648124081704,601.938106035483,One year,Fiber optic,Bank transfer (automatic),8,0,0.5491115635638073,1
ref-2216,32,29.127266947197437,579.7790096445397,Month-to-month,DSL,Mailed check,0,0,0.4108968853967385,0
ref-1090,36,19.93613159439633,1364.606824394942,One year,No,Electronic check,7,0,0.8005353937640991,1
ref-1447,70,55.25851104071484,279.95317011536383,Month-to-month,Fiber optic,Credit card (automatic),8,0,0.2603086998561674,0
ref-791,33,51.89840570430184,2769.236631486179,One year,DSL,Credit card (automatic),4,1,0.4778108654162546,0
ref-1831,69,64.48331497839476,2939.958209748652,One year,Fiber optic,Credit card (automatic),1,1,0.33277054350839025,0
ref-925,69,37.77128412889548,2092.2395124130485,Two year,No,Mailed check,1,0,0.5692305119710148,1
ref-1994,55,118.0,650.8580310177563,One year,Fiber optic,Mailed check,6,0,0.5527571964322032,1
ref-970,21,21.904244588856127,147.30699349167688,One year,DSL,Electronic check,5,0,0.7139395663904968,1
ref-176,52,18.93226881310325,28.68383426303396,Month-to-month,DSL,Mailed check,8,0,0.10788189779843325,0
ref-1298,38,85.63456153751122,917.6273478544326,One year,DSL,Electronic check,7,0,0.40955585140842954,0
ref-178,65,54.8701314085328,414.9426642609434,Two year,DSL,Electronic check,2,1,0.39037909284497785,0
ref-1678,67,75.37384356710868,580.2890190435235,Month-to-month,Fiber optic,Mailed check,7,0,0.4731150282498274,0
ref-663,14,56.86060548345973,612.22690678564,Two year,DSL,Credit card (automatic),7,1,0.6882848827122585,1
ref-655,38,46.734116519461,1194.5039006224893,Month-to-month,No,Mailed check,8,0,0.4752658546257076,0
ref-2600,63,63.24167739275872,1921.9397809784343,Month-to-month,No,Mailed check,8,0,0.9395550540772282,1
ref-2927,23,78.77543233822328,815.0209042469569,Month-to-month,Fiber optic,Credit card (automatic),7,1,0.6761657995633558,1
ref-1590,53,99.23742731572128,319.73609252587767,Month-to-month,Fiber optic,Credit card (automatic),8,1,0.4490226579535691,0
ref-1980,48,118.0,1222.535687208801,Month-to-month,Fiber optic,Credit card (automatic),0,1,0.1892310684527903,0
ref-2155,35,91.56554883576368,1191.2356880388138,One year,Fiber optic,Bank transfer (automatic),7,0,0.49622675104349007,0
ref-1864,60,94.26037472838476,879.910559186816,One year,DSL,Bank transfer (automatic),2,0,0.21567875898527766,0
ref-736,53,48.99977892130172,714.2939794310419,Month-to-month,Fiber optic,Bank transfer (automatic),6,0,0.6118820905050755,1
ref-1807,35,53.33765100907586,2061.907412879174,One year,Fiber optic,Electronic check,6,0,0.8914461803763353,1
ref-40,12,38.87001188595279,150.19632265908132,Month-to-month,No,Credit card (automatic),2,0,0.20972764636805302,0
ref-1482,21,55.40496624526659,1291.0555779844112,Month-to-month,DSL,Mailed check,4,0,0.6371488871011944,1
ref-1944,27,21.98993496522636,554.8957030722796,One year,Fiber optic,Bank transfer (automatic),7,1,0.6869016598377835,1
ref-420,67,84.34476995113504,387.1010014215432,Month-to-month,No,Electronic check,8,0,0.49990119551808354,0
ref-2892,26,57.59071314224871,79.54815336151779,One year,DSL,Credit card (automatic),3,0,0.5592673811753164,1
ref-1320,8,118.0,503.5497120672642,One year,Fiber optic,Credit card (automatic),6,1,0.22428520814953454,0
ref-479,7,33.75162942927084,256.3206462927216,Month-to-month,DSL,Bank transfer (automatic),5,0,0.5501660731198994,1
ref-1669,52,68.15766030246022,538.706171898277,Two year,Fiber optic,Credit card (automatic),0,0,0.6312855219998875,1
ref-1854,7,104.84392042187416,3869.584384720548,One year,Fiber optic,Electronic check,1,1,0.5459084257027984,1
ref-1421,72,93.34284757051194,463.03788044013066,One year,No,Electronic check,6,1,0.6428579879346565,1
ref-747,22,70.99386068807401,244.5633353956172,One year,Fiber optic,Credit card (automatic),6,0,0.5814494730159335,1
ref-540,51,41.63034764862808,513.909873532599,Month-to-month,No,Credit card (automatic),7,0,0.5680953620420219,1
ref-2917,69,50.43032073061927,102.29126253853508,Month-to-month,Fiber optic,Mailed check,5,0,0.5437117824902753,1
ref-2399,53,69.1921047348641,1073.071848446132,Month-to-month,Fiber optic,Electronic check,0,0,0.7362612457569427,1
ref-2238,34,28.869112290515396,480.50642364846175,Month-to-month,No,Credit card (automatic),8,0,0.47587566229502426,0
ref-2548,34,33.02247835140409,476.3301415423832,Month-to-month,Fiber optic,Credit card (automatic),3,0,0.820838798332068,1
ref-675,52,44.21593121689499,481.4090870569921,One year,DSL,Bank transfer (automatic),1,0,0.42008951582437265,0
ref-2201,0,69.50957076968766,7662.551508125696,Month-to-month,Fiber optic,Mailed check,4,1,0.2298361501227399,0
ref-2686,17,57.77707633609021,3324.800558309357,One year,Fiber optic,Electronic check,4,1,0.7911898521231092,1
ref-118,17,18.0,412.7652782990015,One year,Fiber optic,Electronic check,8,1,1.0,1
ref-2083,48,69.59739342519823,1908.440310646179,Two year,Fiber optic,Bank transfer (automatic),7,0,0.4276816278027955,0
ref-1839,40,59.795145423912295,379.8014087566257,Month-to-month,Fiber optic,Bank transfer (automatic),8,0,0.1388473713195464,0
ref-2554,71,60.49575584855355,774.2396750084021,One year,No,Electronic check,5,1,0.7044236809737713,1
ref-1507,35,36.27146226130537,610.9469918733301,Two year,Fiber optic,Bank transfer (automatic),4,0,0.22752939181560602,0
ref-2104,63,118.0,2348.5069735147404,Two year,No,Credit card (automatic),8,1,0.7460603684002293,1
ref-168,24,68.37705335897051,330.8771978742243,One year,DSL,Credit card (automatic),3,1,0.6426973907517366,1
ref-16,37,118.0,860.6567161592927,One year,No,Credit card (automatic),5,1,0.4361298625282215,0
ref-780,64,114.16279209337992,1554.4336344273177,One year,No,Bank transfer (automatic),5,0,0.5126592089363273,1
ref-231,62,21.252680954951213,891.6526520995227,One year,Fiber optic,Bank transfer (automatic),8,1,0.28122172893921304,0
ref-1170,45,57.632929473741584,90.38627348421588,Two year,Fiber optic,Bank transfer (automatic),2,0,0.37953434090191135,0
ref-1327,6,52.78015890987042,267.17970643574625,Month-to-month,DSL,Mailed check,1,1,0.4302024080247935,0
ref-495,30,29.526337222514236,5244.967149988424,Month-to-month,DSL,Mailed check,4,0,0.5801224022223546,1
ref-2081,6,67.43753569766068,1273.950489959275,Month-to-month,Fiber optic,Electronic check,5,0,0.626018569694732,1
ref-2528,6,111.9415344760886,342.76118568749547,Month-to-month,DSL,Bank transfer (automatic),1,0,0.725982477841704,1
ref-2052,26,37.5106741382297,1005.7343931697828,Month-to-month,Fiber optic,Mailed check,5,0,0.41615438545613187,0
ref-1393,54,63.18325729514952,155.30212340179384,Month-to-month,Fiber optic,Mailed check,3,0,0.6543888525884654,1
ref-2163,66,102.64176658373918,984.8594464211116,One year,DSL,Electronic check,8,1,0.33706969538657716,0
ref-2561,26,67.83564313486126,2241.098607731037,Month-to-month,No,Mailed check,2,0,0.6762330145537248,1
ref-1438,23,32.53511567218688,1026.3551564479678,Month-to-month,No,Bank transfer (automatic),1,0,0.41932013254479694,0
ref-1270,26,27.06480021404611,76.89515154528888,One year,Fiber optic,Electronic check,2,0,0.22235367379897733,0
ref-2396,69,27.39894271694776,242.9757819738618,One year,DSL,Bank transfer (automatic),3,1,0.2732471612958976,0
ref-1353,66,39.63539119602567,1609.0505586958527,One year,Fiber optic,Credit card (automatic),4,1,0.9315010346256297,1
ref-1612,48,21.27093005630476,1473.594414137278,Month-to-month,DSL,Mailed check,6,1,0.7526590594922103,1
ref-2952,68,85.44312345025158,415.4141929261709,Month-to-month,DSL,Electronic check,0,0,0.4736251001835088,0
ref-1615,12,32.64508008138272,49.76358464877096,Month-to-month,Fiber optic,Bank transfer (automatic),2,0,0.6920956521411039,1
ref-2887,4,18.0,469.14216053335497,One year,No,Bank transfer (automatic),4,0,0.820116985099187,1
ref-1285,3,109.51436282277268,1585.2102407182074,Month-to-month,Fiber optic,Mailed check,4,0,0.1847608251310308,0
ref-8,14,23.189930602192536,7530.131308813723,Month-to-month,DSL,Bank transfer (automatic),5,1,0.7296988750179699,1
ref-652,14,94.3246756066008,672.2129670230985,Month-to-month,Fiber optic,Mailed check,5,0,0.36561823004494365,0
ref-2792,52,72.92501652813853,253.2020232142782,Two year,DSL,Electronic check,7,1,0.6052590447906406,1
ref-794,31,101.52161188209988,1458.5415932528224,One year,DSL,Bank transfer (automatic),3,1,0.6650540307318318,1
ref-2042,54,79.95836030326815,8500.0,Month-to-month,DSL,Credit card (automatic),6,1,0.6209510534899144,1
ref-1046,17,118.0,398.0382128855841,Month-to-month,DSL,Credit card (automatic),8,1,0.5905560047730457,1
ref-2634,6,76.03341675419674,925.5496300117272,One year,DSL,Bank transfer (automatic),1,0,0.625835523853502,1
ref-1425,59,65.50196488856719,3144.985845518076,Month-to-month,DSL,Electronic check,6,1,0.6576534779265966,1
ref-2973,71,68.49615248718784,1412.0310916096998,One year,Fiber optic,Credit card (automatic),0,0,0.5364878742810222,1
ref-2838,15,118.0,698.5022449903579,Month-to-month,Fiber optic,Electronic check,5,1,0.15207510201229213,0
ref-2133,29,71.44195392556381,2240.7297117060352,Two year,Fiber optic,Credit card (automatic),1,1,0.47944336352937256,0
ref-2165,67,118.0,593.2079367238017,Month-to-month,Fiber optic,Credit card (automatic),2,1,0.30212049921002543,0
ref-785,42,37.625756440987765,765.5090175055531,Month-to-month,DSL,Credit card (automatic),5,0,0.3642256597594053,0
ref-210,19,51.74913713980728,51.38069993701984,Month-to-month,Fiber optic,Bank transfer (automatic),7,1,0.26858510408112934,0
ref-2978,20,23.6036573252325,315.70319919833616,Month-to-month,DSL,Electronic check,0,1,0.8939298943905296,1
ref-458,61,45.13364444020854,881.1311289760248,One year,No,Electronic check,2,1,0.14500755270343374,0
ref-2913,16,118.0,276.9622369797697,Two year,Fiber optic,Bank transfer (automatic),1,0,0.9513030100190808,1
ref-990,25,39.60469643112481,544.7517579124013,Month-to-month,Fiber optic,Electronic check,4,1,0.3994555218624986,0
ref-2886,68,31.936392716029783,2408.515842892415,Month-to-month,DSL,Electronic check,7,1,0.8368002642267229,1
ref-2688,46,50.92125548346378,1759.859820556699,Month-to-month,Fiber optic,Bank transfer (automatic),3,1,0.9647706525483273,1
ref-2082,23,49.77834300644464,1312.1239311048869,One year,Fiber optic,Credit card (automatic),5,1,0.3204072219569213,0
ref-307,40,90.493332637904,1919.372542478253,Month-to-month,Fiber optic,Bank transfer (automatic),8,0,0.12156686529717817,0
ref-2910,8,21.481110254957745,1321.954974667268,Month-to-month,Fiber optic,Electronic check,6,1,0.5459734363734506,1
ref-2895,39,34.79874204857098,236.45056080568116,Month-to-month,No,Credit card (automatic),2,0,0.8305323273604664,1
ref-452,36,76.02903166363757,950.4246162559876,Month-to-month,DSL,Mailed check,7,0,0.45550320134450095,0
ref-1627,42,31.71471828658054,1354.8738801036463,One year,DSL,Mailed check,1,0,1.0,1
ref-2519,72,86.93298305582283,136.59831069751638,Two year,Fiber optic,Bank transfer (automatic),2,0,0.2786008905256566,0
ref-911,13,47.32024371290083,904.2522531679382,One year,No,Electronic check,1,1,0.1568881734708546,0
ref-2894,19,29.47851349864058,812.9802838620842,Two year,DSL,Bank transfer (automatic),7,1,0.5873025605718576,1
ref-2208,17,19.285789753707423,594.3272496715808,Month-to-month,No,Bank transfer (automatic),8,0,0.6994932287303671,1
ref-2647,57,117.43471118548052,939.001501163152,Month-to-month,DSL,Credit card (automatic),2,0,0.20282067750837135,0
ref-614,50,56.48064511886288,2295.830394393963,Month-to-month,Fiber optic,Bank transfer (automatic),2,1,1.0,1
ref-9,6,18.90500557496197,293.8270559709431,One year,DSL,Credit card (automatic),0,0,0.3273885003594246,0
ref-2540,21,63.55608256890027,154.35801762260795,One year,DSL,Bank transfer (automatic),4,1,0.34719335163895104,0
ref-1680,68,48.73768655533481,3549.9353347543297,One year,Fiber optic,Mailed check,8,0,0.47845418920880534,0
ref-1392,71,118.0,1272.2799904629012,Month-to-month,Fiber optic,Bank transfer (automatic),0,1,0.6950821264863632,1
ref-2673,13,52.31119280410511,435.58086013240734,Month-to-month,DSL,Credit card (automatic),5,1,0.8168801854833792,1
ref-241,42,40.60776058561936,407.5435472591084,Month-to-month,No,Bank transfer (automatic),3,0,0.690897379182372,1
ref-872,8,63.844639890191935,901.2137829619842,One year,DSL,Bank transfer (automatic),4,1,0.45995315447812746,0
ref-3,32,71.93936223613152,358.89163704253406,One year,DSL,Credit card (automatic),8,0,0.8565118595252883,1
ref-1293,0,58.45896858774992,2097.487121890816,Two year,Fiber optic,Bank transfer (automatic),8,1,0.4968389150455109,0
ref-1461,22,62.46295366552519,3667.853944230751,Month-to-month,DSL,Mailed check,8,1,0.4934737604906445,0
ref-2866,23,102.21094842342816,1303.733596124477,Month-to-month,Fiber optic,Bank transfer (automatic),3,1,0.26132212249631637,0
ref-2581,33,49.863983648555966,2101.115679312291,Month-to-month,Fiber optic,Bank transfer (automatic),4,0,1.0,1
ref-1480,11,118.0,105.67253396999334,Month-to-month,DSL,Credit card (automatic),4,0,0.7226840126518153,1
ref-1453,17,18.0,570.4637792649938,Two year,Fiber optic,Credit card (automatic),0,1,0.6029053206984687,1
ref-2034,71,118.0,748.454005541387,One year,No,Electronic check,8,1,0.5677814770163014,1
ref-123,34,35.80754235275776,2411.649109470968,One year,Fiber optic,Mailed check,7,0,0.5598854077788882,1
ref-288,39,40.64807779508206,232.6036892239568,One year,Fiber optic,Credit card (automatic),8,0,0.5703006838911732,1
ref-1091,32,51.16521962457087,567.918982016823,Month-to-month,No,Credit card (automatic),1,1,0.6031283621669907,1
ref-864,61,18.0,679.7317065064642,Month-to-month,DSL,Bank transfer (automatic),0,1,0.8843974444530073,1
ref-2704,5,47.68704593676831,679.4662003117388,Month-to-month,Fiber optic,Credit card (automatic),1,0,0.5095178603380296,1
ref-209,56,35.90195455384912,302.77744071554935,One year,DSL,Bank transfer (automatic),6,0,0.5792106088622533,1
ref-2774,39,114.15931340052016,973.5361389731262,Month-to-month,Fiber optic,Credit card (automatic),4,1,0.4267495810431319,0
ref-2447,47,29.11623343619754,691.7522890700609,One year,Fiber optic,Mailed check,2,1,0.2786060882998444,0
ref-1554,33,98.72600745598652,279.3251093109412,Month-to-month,No,Electronic check,2,1,0.17625938383697412,0
ref-2588,70,49.09670125630152,874.7025959681407,One year,Fiber optic,Electronic check,6,1,0.8337845216582073,1
ref-1591,25,31.170014579209173,445.4128127274216,One year,DSL,Bank transfer (automatic),5,0,0.16478702301949624,0
ref-2442,0,21.90273383401994,319.53974664257925,Month-to-month,No,Bank transfer (automatic),6,0,0.3949578890176815,0
ref-186,12,50.83060824276088,627.1698194751981,Month-to-month,DSL,Electronic check,0,1,0.37789159960253565,0
ref-2101,48,58.441270261708304,116.70862390866652,Two year,DSL,Electronic check,5,0,0.5116367472193588,1
ref-2193,15,84.05369557469615,222.7728981731869,Two year,No,Credit card (automatic),7,0,0.23318819432613802,0
ref-972,34,29.636617680803383,224.40780928217347,Month-to-month,DSL,Electronic check,3,1,0.6347108558531235,1
ref-1626,42,27.1930108064886,1447.155323681701,Two year,DSL,Mailed check,3,1,0.455187430331794,0
ref-2511,62,62.2800781543831,2765.7837636811973,One year,Fiber optic,Mailed check,2,0,0.2973600583559522,0
ref-912,27,50.964699714007374,622.8896137606199,Month-to-month,Fiber optic,Mailed check,7,0,0.2486325886615955,0
ref-519,43,73.20041678098677,326.2275443364111,One year,Fiber optic,Credit card (automatic),8,0,0.8120393933632284,1
ref-698,3,81.98127809280811,356.3377243064385,Two year,Fiber optic,Bank transfer (automatic),8,1,0.5954977427579462,1
ref-509,17,88.05190043621826,934.1085231188616,Two year,DSL,Mailed check,2,0,0.33084874620695276,0
ref-715,58,56.31826993290882,550.7336498262842,Two year,Fiber optic,Electronic check,8,1,0.6692453733950322,1
ref-2814,14,69.14702256729716,240.6251732787988,Two year,DSL,Bank transfer (automatic),4,1,0.5803188669745866,1
ref-2437,49,118.0,199.61685118823493,Two year,Fiber optic,Electronic check,2,1,0.22416357471304843,0
ref-2187,18,43.12781883254843,732.2025176237314,One year,DSL,Credit card (automatic),8,1,0.3022533302948902,0
ref-2054,52,67.63014219886347,96.78372638414972,Month-to-month,Fiber optic,Mailed check,2,1,0.301501325446273,0
ref-313,20,118.0,1279.1458390551802,Two year,No,Electronic check,7,0,0.4102853348716323,0
ref-89,60,69.2210816131958,293.2206320334111,Month-to-month,Fiber optic,Electronic check,0,0,0.7433842182613177,1
ref-2782,55,29.10310917883424,1012.5229919921404,Month-to-month,DSL,Bank transfer (automatic),5,1,0.8224257869819162,1
ref-837,14,34.813281220878515,637.7293317130817,One year,Fiber optic,Mailed check,5,1,0.5125208498295601,1
ref-2518,10,85.33631983366575,4765.824419807407,Month-to-month,DSL,Credit card (automatic),0,1,0.803174127762263,1
ref-2507,45,29.17610659496052,192.14728510065908,Month-to-month,Fiber optic,Bank transfer (automatic),5,0,0.796789927446836,1
ref-941,29,98.3088961445783,1382.2865258677275,Month-to-month,DSL,Credit card (automatic),8,0,0.16812571818536215,0
ref-1582,37,32.01221684637802,173.40071655448247,One year,No,Credit card (automatic),1,0,1.0,1
ref-2819,51,30.72032650321463,2106.0776837856565,Two year,DSL,Credit card (automatic),0,0,0.47425780996860634,0
ref-2807,22,67.06003879279952,1231.4528585742862,Month-to-month,Fiber optic,Credit card (automatic),4,1,0.2620508310328206,0
ref-1962,10,103.3981749723958,45.94350170412172,Two year,DSL,Credit card (automatic),1,1,0.5104219632680523,1
ref-75,34,30.7024773910704,959.4277077436304,Two year,DSL,Bank transfer (automatic),5,1,0.8911698671160728,1
ref-1533,13,118.0,485.926581323041,Month-to-month,Fiber optic,Electronic check,2,0,0.4549364529521356,0
ref-2992,14,24.37256615360298,1427.006414247637,One year,No,Bank transfer (automatic),2,0,0.26113350068125085,0
ref-2896,48,90.59177656465997,770.8475736197707,Month-to-month,DSL,Bank transfer (automatic),3,0,0.4664771985622297,0
ref-878,40,102.48322877851903,911.3867012417028,Month-to-month,No,Mailed check,0,1,0.3528688883044431,0
ref-2488,38,52.81144745725054,2650.5452231647546,One year,DSL,Credit card (automatic),8,1,0.3689827973549379,0
ref-2648,68,118.0,1190.766632138442,Month-to-month,DSL,Electronic check,7,0,0.9993054968595614,1
ref-2285,60,43.81572292287541,925.1009637851196,One year,Fiber optic,Mailed check,0,1,0.46305250110527696,0
ref-906,30,106.87268831256335,383.7473608551921,One year,Fiber optic,Bank transfer (automatic),4,1,0.46423389120240954,0
ref-2369,12,27.795270873786365,167.5758117610509,Month-to-month,DSL,Mailed check,2,1,0.8270507610225205,1
ref-1113,21,60.93141199701948,1237.9320433511668,Month-to-month,Fiber optic,Credit card (automatic),2,1,0.659196619541365,1
ref-2067,66,24.6763925442856,968.8360161147284,One year,Fiber optic,Bank transfer (automatic),8,1,0.2319413640924083,0
ref-1263,60,60.81205293987573,8500.0,Month-to-month,Fiber optic,Electronic check,8,0,0.6833116654028086,1
ref-1769,14,22.836165192583696,586.2597746079476,One year,No,Electronic check,8,1,0.033079216258048896,0
ref-431,53,34.12710999574887,153.35538512593982,Month-to-month,Fiber optic,Credit card (automatic),4,1,0.46773183233036975,0
ref-2430,9,26.32971856498843,232.48461545054957,One year,Fiber optic,Mailed check,8,1,0.6593996281726182,1
ref-246,55,41.59321366800116,1014.5360175924058,Month-to-month,No,Bank transfer (automatic),1,1,0.7373033878139064,1
ref-299,1,56.95443011365551,385.1664742532427,Month-to-month,No,Bank transfer (automatic),1,1,0.47972618380219534,0
ref-633,27,89.23366424240247,664.363879715828,Month-to-month,DSL,Credit card (automatic),6,0,0.7700759644696191,1
ref-1407,63,118.0,2501.727983837989,One year,Fiber optic,Credit card (automatic),8,0,0.2710340531392375,0
ref-2229,71,118.0,4107.75774259757,Month-to-month,Fiber optic,Mailed check,0,1,1.0,1
ref-230,33,39.6112511188404,2012.5528814477927,One year,DSL,Electronic check,1,0,0.5258902622922784,1
ref-861,67,116.12502013464407,144.5194561770145,Month-to-month,DSL,Mailed check,8,0,0.5665645992833939,1
ref-977,41,64.44735046127951,616.3414187929092,One year,Fiber optic,Bank transfer (automatic),6,0,0.5357169644756874,1
ref-2146,12,20.314475593278875,574.9821097313185,Month-to-month,Fiber optic,Credit card (automatic),5,1,0.35664190937888346,0
ref-2024,5,92.25951830609196,1289.674682560836,Month-to-month,DSL,Mailed check,2,0,0.49963845569661547,0
ref-13,55,18.0,1614.5738466599198,One year,Fiber optic,Electronic check,7,1,0.6331405961319854,1
ref-2965,43,84.48045587368674,156.59966517596249,Month-to-month,Fiber optic,Electronic check,1,1,0.39100678427339663,0
ref-943,34,35.92615838714624,668.4467229853425,One year,DSL,Electronic check,1,0,0.9264641280336132,1
ref-1857,42,36.525218574884974,390.5758352075667,Month-to-month,No,Mailed check,6,1,0.16280522248397636,0
ref-410,12,92.12631457805398,202.85134578446528,One year,DSL,Bank transfer (automatic),6,1,0.7274019427561287,1
ref-1262,32,19.28317784986161,676.3770650496457,Month-to-month,Fiber optic,Bank transfer (automatic),2,0,0.3822350974656891,0
ref-1487,0,70.34983615377013,273.531113319293,One year,No,Electronic check,0,1,0.23725103981018555,0
ref-1105,13,31.03381568964697,1106.6775074145526,Month-to-month,DSL,Credit card (automatic),5,0,0.5017879745919456,1
ref-2925,13,43.45562677864128,565.8755829754997,One year,DSL,Mailed check,0,1,0.7566259540942007,1
ref-353,31,54.36550681861671,639.2130232700197,Two year,No,Mailed check,2,1,0.760736034981781,1
ref-1348,53,64.52158143589202,379.0361628710294,Month-to-month,DSL,Electronic check,1,1,0.5967212837118929,1
ref-994,38,42.67783108983913,322.0174518513204,Month-to-month,Fiber optic,Electronic check,3,0,0.3318307837067389,0
ref-2549,9,109.92221550889136,557.9934343198163,Two year,Fiber optic,Mailed check,8,0,0.5155080899953809,1
ref-1013,22,77.51732377896208,451.9299216808401,Month-to-month,No,Credit card (automatic),7,1,0.3933912649108563,0
ref-1423,49,108.25479631023398,626.4980127251196,Month-to-month,Fiber optic,Credit card (automatic),0,1,0.4034136494628608,0
ref-1652,3,118.0,769.6008303458246,One year,DSL,Bank transfer (automatic),0,0,0.6935507220141301,1
ref-1066,67,52.35211222877995,1048.5910916551877,One year,DSL,Mailed check,7,1,0.6738656407599486,1
ref-2637,54,89.17733931501114,635.7863755944251,Two year,DSL,Bank transfer (automatic),2,0,0.5694670484807512,1
ref-2606,38,33.29929083260957,1695.8555492666085,Two year,Fiber optic,Electronic check,3,1,0.5665437752563958,1
ref-2456,61,45.15860036975634,524.8447165741549,Two year,Fiber optic,Electronic check,3,0,0.3672814826662725,0
ref-1280,54,32.72820712626849,1430.380148292535,One year,Fiber optic,Mailed check,3,1,0.5138864690580501,1
ref-566,16,76.63792259544195,589.4744771765107,One year,DSL,Mailed check,0,0,0.6747403355783774,1
ref-208,19,64.66198820524781,4242.317482370768,Month-to-month,No,Credit card (automatic),2,1,0.4521617027368289,0
ref-2094,11,95.21272017411631,344.57572968210616,One year,No,Mailed check,1,1,0.6445095702136977,1
ref-2334,40,22.5044759588944,709.9319116585111,Month-to-month,DSL,Bank transfer (automatic),6,1,0.4689225385899092,0
ref-1965,54,68.38506732961513,2939.629680880764,One year,DSL,Bank transfer (automatic),3,1,0.8746795065070962,1
ref-611,33,23.4730158722633,633.4343819873841,Month-to-month,Fiber optic,Credit card (automatic),5,1,0.8680890643897478,1
ref-762,69,57.48914161248933,2575.594207814568,Two year,Fiber optic,Credit card (automatic),0,0,0.2351458112728585,0
ref-166,23,18.0,387.69218881933614,One year,DSL,Electronic check,3,1,0.3099950804070205,0
ref-2699,8,71.78010218220577,190.3303438705334,Two year,No,Credit card (automatic),2,0,0.5009334039667067,1
ref-2632,66,34.49404467178057,1528.177995427691,Month-to-month,DSL,Credit card (automatic),7,0,0.23525919530299647,0
ref-2127,45,61.67780612960604,884.6622434697613,One year,DSL,Bank transfer (automatic),0,1,0.5146972813290679,1
ref-1040,51,76.08461469459556,406.2528482180233,One year,DSL,Credit card (automatic),2,1,0.21739775446101228,0
ref-1735,58,103.04148660270867,578.875939221967,Month-to-month,Fiber optic,Bank transfer (automatic),2,0,0.3469494429598993,0
ref-2885,11,67.69929361523923,103.81528002298036,Month-to-month,DSL,Electronic check,7,0,0.3660912927629785,0
ref-1852,33,49.18040455040463,719.2642498683439,Two year,DSL,Credit card (automatic),1,1,0.5702955863877538,1
ref-836,59,118.0,317.2438224307107,Two year,DSL,Bank transfer (automatic),4,0,0.7684219881893063,1
ref-58,54,45.19088314078759,498.246093762436,Month-to-month,DSL,Credit card (automatic),7,0,0.28460555388790615,0
ref-2694,68,36.1925868855036,4030.487455583421,One year,DSL,Bank transfer (automatic),6,0,0.6563782314825882,1
ref-179,36,48.31445944871616,363.05361102281904,Month-to-month,Fiber optic,Credit card (automatic),8,1,0.5430268979989152,1
ref-2134,32,43.55581269662715,361.18583479306943,Month-to-month,DSL,Bank transfer (automatic),4,1,0.41595481731065287,0
ref-1544,16,46.56196168807385,33.588289045087194,Month-to-month,Fiber optic,Bank transfer (automatic),7,0,0.58677872931943,1
ref-318,68,27.858590432157857,619.278194216793,Month-to-month,Fiber optic,Mailed check,5,1,0.30495762862713977,0
ref-2124,54,65.71987647821632,577.2537268659279,Month-to-month,Fiber optic,Mailed check,6,0,0.4768698501723562,0
ref-2117,39,61.04624588442198,114.45591608083149,Month-to-month,Fiber optic,Electronic check,5,1,0.1661024383076515,0
ref-2837,65,36.75599649558755,520.5741975409597,One year,DSL,Bank transfer (automatic),8,1,0.6904254903902605,1
ref-2796,63,19.25068881253052,3548.7802794824056,Two year,Fiber optic,Electronic check,3,1,0.34590739791816594,0
ref-1919,38,46.207504696186575,627.9404502529381,One year,DSL,Credit card (automatic),2,1,0.30468472471281,0
ref-1548,36,46.421469943753294,550.8852829844864,Month-to-month,DSL,Electronic check,2,0,0.5752127705926295,1
ref-560,39,55.08117927946557,305.89712309647206,Month-to-month,Fiber optic,Credit card (automatic),0,1,0.4664453017856136,0
ref-90,31,21.322546838070103,1798.9448859896704,One year,Fiber optic,Bank transfer (automatic),2,1,0.21551655580707232,0
ref-1561,18,118.0,120.53164042282658,Month-to-month,DSL,Electronic check,7,0,0.3510556873447188,0
ref-2852,8,56.040240588197975,677.8064984738983,One year,DSL,Credit card (automatic),5,0,0.6259064374934563,1
ref-2099,18,33.25463293886511,563.5381783429325,One year,DSL,Bank transfer (automatic),5,1,0.1403299706566804,0
ref-309,7,118.0,3297.352404188126,One year,No,Mailed check,1,0,0.588163218933944,1
ref-1964,59,118.0,633.3438692076307,Two year,Fiber optic,Electronic check,6,0,0.36538396520011784,0
ref-2482,13,33.02636047060547,379.58213355388665,Month-to-month,Fiber optic,Mailed check,5,1,0.33145377756552374,0
ref-25,47,33.59268075826585,350.3680186821205,Month-to-month,Fiber optic,Bank transfer (automatic),5,1,0.3008429123109664,0
ref-114,36,22.824634929826317,1890.3020196627176,Month-to-month,DSL,Bank transfer (automatic),5,1,0.17179666106692623,0
ref-2495,14,18.0,638.2070235521486,Two year,DSL,Credit card (automatic),8,0,0.8719825750138576,1
ref-356,11,81.33790991949076,4362.830430432214,Month-to-month,No,Electronic check,8,1,0.35881806004504774,0
ref-669,9,103.65594983258846,721.5400142088944,One year,DSL,Bank transfer (automatic),0,1,0.5587966489361454,1
ref-2073,24,67.43461504991002,3201.564888633685,Month-to-month,DSL,Credit card (automatic),4,0,0.3435325439624402,0
ref-1513,24,38.45860238538585,632.349953091884,Month-to-month,No,Credit card (automatic),7,0,0.5531676750341677,1
ref-2323,47,118.0,3089.940299770821,One year,Fiber optic,Electronic check,4,1,0.8599240486833728,1
ref-2444,43,20.677861563827054,288.2126512428194,One year,Fiber optic,Bank transfer (automatic),3,0,0.6174020683892847,1
ref-2662,10,29.964373666238224,128.28018733522035,One year,DSL,Bank transfer (automatic),7,1,0.20000403788608956,0
ref-386,4,55.67978391334376,1639.862075760054,One year,No,Electronic check,4,0,0.21708725164292625,0
ref-370,24,85.48690708314183,178.45499574009511,One year,Fiber optic,Credit card (automatic),4,0,0.8252782873468173,1
ref-1577,58,51.54575389815084,1145.74143501074,One year,Fiber optic,Electronic check,2,0,0.6016335935617586,1
ref-2811,20,28.513450024310583,1302.648759950945,Month-to-month,Fiber optic,Credit card (automatic),5,0,0.18418047072293647,0
ref-886,3,49.11578302603725,203.07025883700803,Month-to-month,DSL,Mailed check,6,1,0.8940870707038318,1
ref-860,70,70.2232136898468,1332.3352683543749,One year,Fiber optic,Credit card (automatic),5,1,0.3696834636147481,0
ref-1940,12,69.36546633474349,1965.9498281241144,Month-to-month,DSL,Mailed check,0,0,0.2859591010363286,0
ref-2547,42,72.37189487499597,137.0411578270331,Month-to-month,Fiber optic,Mailed check,1,0,0.43656256785190817,0
ref-1719,37,68.58089376743146,224.76124299353597,Month-to-month,No,Bank transfer (automatic),8,1,0.6784851761464471,1
ref-1983,54,43.63825701940559,607.3491671849911,One year,Fiber optic,Bank transfer (automatic),1,0,0.46125966112692596,0
ref-32,6,37.58014710401672,318.8550906334208,Two year,DSL,Credit card (automatic),0,0,0.8711430154195294,1
ref-301,60,34.241434414778645,8500.0,Month-to-month,No,Electronic check,0,1,0.8686495183638885,1
ref-2641,36,60.4951394824865,176.01129785530404,Two year,No,Credit card (automatic),6,1,0.09991571280191458,0
ref-1683,58,63.6319696213444,637.1842862092508,One year,Fiber optic,Credit card (automatic),5,0,0.47916233126455043,0
ref-744,58,104.42965877334632,127.59003100575391,One year,DSL,Mailed check,3,1,0.4456241783323278,0
ref-2142,70,23.719227085472266,1263.588097052636,Month-to-month,Fiber optic,Credit card (automatic),7,0,0.3389684193065484,0
ref-2611,67,49.68034093840169,1739.1594725048958,Month-to-month,Fiber optic,Bank transfer (automatic),6,1,0.8506524447933019,1
ref-38,20,83.69558379475183,845.9170914283135,Month-to-month,Fiber optic,Bank transfer (automatic),4,0,0.4567034965631072,0
ref-525,22,45.88208017542092,1011.8112011452122,One year,Fiber optic,Mailed check,3,0,0.4608659358944513,0
ref-2405,60,28.34547591636632,1076.1811576455525,Month-to-month,No,Electronic check,8,0,0.3636300116167058,0
ref-2211,56,74.88988429514947,1112.9664832741494,One year,DSL,Mailed check,6,0,0.3956968255303755,0
ref-1310,38,97.5763581559752,2216.716116715002,One year,Fiber optic,Credit card (automatic),5,1,0.20046353616686097,0
ref-2962,71,23.265314230400456,1151.9258746146293,Two year,Fiber optic,Bank transfer (automatic),6,0,0.26849546579958955,0
ref-2493,44,42.74967260698655,1348.0038484812387,Month-to-month,No,Electronic check,4,1,0.5701693151247306,1
ref-607,37,53.54903246140283,1621.1804163064876,Two year,DSL,Mailed check,2,0,0.5185995638489441,1
ref-882,32,18.0,750.8760148132925,One year,Fiber optic,Electronic check,4,0,0.34921571188904965,0
ref-1729,7,24.11344337797772,528.4054078001898,Month-to-month,DSL,Credit card (automatic),3,1,0.2573885912942925,0
ref-1909,68,58.83979234562591,3330.5773169933204,Month-to-month,Fiber optic,Bank transfer (automatic),6,1,0.7405002747402508,1
ref-2125,18,118.0,461.38981941951016,One year,DSL,Bank transfer (automatic),5,1,0.6144768792488362,1
ref-1166,1,118.0,994.5748817697486,One year,No,Electronic check,1,0,0.7444446082964807,1
ref-339,69,41.85422334344431,434.3776989756757,Month-to-month,DSL,Credit card (automatic),4,1,0.2416805276401427,0
ref-2460,24,66.27746564736051,2707.9740561786066,Month-to-month,No,Mailed check,4,0,1.0,1
ref-2730,70,99.67586004977004,391.926742463098,One year,DSL,Electronic check,5,0,0.7161602595995947,1
ref-1895,62,18.0,550.6674845629528,Two year,Fiber optic,Credit card (automatic),0,1,0.26640264012739445,0
ref-116,2,55.57059227150342,270.9629908936558,Month-to-month,DSL,Credit card (automatic),2,1,0.2538004188287656,0
ref-2779,3,80.19579487771249,497.86823326393545,Month-to-month,DSL,Electronic check,1,0,0.19407988026629636,0
ref-1872,44,18.0,518.8302674604556,Month-to-month,DSL,Mailed check,3,1,0.44121487888443167,0
ref-502,70,46.40762714076909,857.9571234006119,Two year,DSL,Mailed check,2,1,0.8714810911951281,1
ref-2223,30,41.72189854020351,446.31957203994006,Two year,DSL,Credit card (automatic),0,1,0.585556990637373,1
ref-734,15,60.57027636933442,2731.504678518462,Month-to-month,Fiber optic,Bank transfer (automatic),7,0,0.2712569355036295,0
ref-1837,22,52.63841451540383,743.939148207468,One year,No,Bank transfer (automatic),3,1,0.6861768990460053,1
ref-305,10,50.07036784290909,961.0342386606968,One year,No,Electronic check,0,0,0.43523829245094164,0
ref-48,49,118.0,265.846067533175,Month-to-month,Fiber optic,Bank transfer (automatic),2,0,0.4520419272266287,0
ref-1399,21,32.01247927818862,2478.0732670068905,Month-to-month,Fiber optic,Mailed check,2,0,1.0,1
ref-608,70,75.0696510176419,337.9877500558175,One year,Fiber optic,Electronic check,2,0,0.641328964416382,1
ref-336,70,44.86314985476455,944.0815006550908,Two year,DSL,Credit card (automatic),2,0,0.9821308222319359,1
ref-1742,33,45.43481914496854,769.0583007853517,Month-to-month,Fiber optic,Mailed check,7,1,0.6428107535452782,1
ref-654,40,73.2318447081759,3451.254528869441,One year,Fiber optic,Mailed check,5,0,0.6845282868013165,1
ref-2086,53,118.0,645.2080578539513,Two year,DSL,Electronic check,4,1,0.26987536619931995,0
ref-119,8,67.18405535554803,1423.6019535294351,Month-to-month,DSL,Credit card (automatic),6,0,0.17207496560538194,0
ref-2623,67,43.71241543766428,1596.7745443426518,Month-to-month,Fiber optic,Mailed check,8,1,0.3332606777766569,0
ref-1974,40,25.34160766625489,935.0705944192368,Month-to-month,Fiber optic,Bank transfer (automatic),6,0,0.309947140963953,0
ref-2580,28,57.70283262034555,755.3954968435452,One year,Fiber optic,Electronic check,0,0,0.9597766253477891,1
ref-1183,32,30.75024532508392,3826.6840330410496,Two year,DSL,Bank transfer (automatic),8,1,0.48648777047758196,0
ref-1617,37,19.390581195666652,271.97985358385785,Two year,DSL,Bank transfer (automatic),3,0,0.9089390367503036,1
ref-2128,4,33.79137345271174,348.2718587325674,One year,Fiber optic,Credit card (automatic),6,0,0.9327685709836937,1
ref-455,40,18.0,736.7954678597072,Month-to-month,DSL,Credit card (automatic),2,1,0.5150682689114374,1
ref-2834,28,57.10353784398011,282.210782511239,Two year,DSL,Credit card (automatic),8,1,0.25508907278135384,0
ref-1885,13,47.49287293807157,2182.769845466443,One year,Fiber optic,Bank transfer (automatic),5,1,0.47955745495315616,0
ref-634,13,57.78651938104354,1106.8218445741152,Month-to-month,DSL,Mailed check,2,0,0.6622118466451641,1
ref-1034,4,105.04574917072124,1456.453670925882,Month-to-month,Fiber optic,Bank transfer (automatic),2,0,0.6668785335096793,1
ref-2744,14,118.0,393.71343922309535,One year,Fiber optic,Mailed check,0,0,0.22129669478533692,0
ref-1788,34,92.1492189271225,4079.525943441892,One year,Fiber optic,Credit card (automatic),0,1,0.5128239277505944,1
ref-1112,14,118.0,139.23808486928934,Month-to-month,DSL,Credit card (automatic),7,0,0.8104215372816155,1
ref-1238,21,69.12647972967075,360.7535782559516,Month-to-month,DSL,Credit card (automatic),8,1,0.4043233575716788,0
ref-2314,16,105.03390414777944,206.90258577996028,Month-to-month,DSL,Electronic check,0,1,0.4482986814944388,0
ref-2947,36,63.23549481247558,371.46322053228033,Month-to-month,DSL,Mailed check,7,1,0.2969806925836137,0
ref-2404,28,19.5025461603791,498.1173050468056,Month-to-month,DSL,Credit card (automatic),5,0,0.4309439987253552,0
ref-387,60,27.910878121801808,1249.6419665187157,Month-to-month,Fiber optic,Bank transfer (automatic),5,1,0.8247306848257654,1
ref-1367,33,118.0,8336.147642002381,Month-to-month,DSL,Electronic check,0,0,0.27509498431119217,0
ref-1072,55,63.23191483711358,636.8596906732898,One year,Fiber optic,Mailed check,4,0,0.4462536826602973,0
ref-624,44,100.83084746067058,1353.2641967415689,Month-to-month,DSL,Mailed check,5,0,0.4124802074752867,0
ref-768,10,118.0,960.2026701176612,Month-to-month,No,Electronic check,1,1,0.5665608927803938,1
ref-856,17,45.925876901351366,1420.887769429974,Month-to-month,Fiber optic,Credit card (automatic),4,1,0.7895109934370221,1
ref-2773,51,118.0,337.7244408681655,One year,Fiber optic,Electronic check,7,0,0.6090302430953269,1
ref-27,60,23.9555059237696,232.66044118492883,Month-to-month,Fiber optic,Electronic check,1,0,0.6982622477062713,1
ref-2315,0,31.131097368007303,1963.2235202164795,Month-to-month,Fiber optic,Electronic check,3,1,0.20258266163620825,0
ref-29,32,60.77901479355069,482.87569375286415,One year,Fiber optic,Bank transfer (automatic),1,0,1.0,1
ref-737,24,55.06108744626935,206.07530250130665,Month-to-month,Fiber optic,Credit card (automatic),1,1,0.25958631727432385,0
ref-725,8,55.16897661738137,836.2853943796215,One year,Fiber optic,Credit card (automatic),0,1,0.2613498310231862,0
ref-2667,70,45.48642356778166,298.4255832053475,Two year,Fiber optic,Bank transfer (automatic),3,0,0.7310276692233278,1
ref-583,3,34.53372592625687,109.04519670937462,One year,Fiber optic,Mailed check,4,1,0.21625113566488882,0
ref-742,46,57.65517532583233,260.93381709422374,Month-to-month,DSL,Bank transfer (automatic),1,1,0.9227348105490701,1
ref-1510,24,101.1730218940568,1030.2097624642022,Month-to-month,No,Bank transfer (automatic),5,0,0.36430889953153,0
ref-2181,17,118.0,522.8683551385748,Month-to-month,DSL,Bank transfer (automatic),7,0,0.4419868317236072,0
ref-1435,7,26.410476362028223,535.5566889185155,Month-to-month,No,Bank transfer (automatic),8,0,0.8367637995458267,1
ref-891,51,79.2780099265931,894.4147418261272,Two year,DSL,Bank transfer (automatic),0,1,0.5247231708148049,1
ref-2658,49,35.736575878869786,463.9895063859447,Two year,Fiber optic,Mailed check,7,1,0.43352515166075734,0
ref-1955,29,56.78768838787529,241.25158444852013,Month-to-month,No,Bank transfer (automatic),1,1,0.2831627708520309,0
ref-55,3,61.94053269289531,1727.840762267637,One year,Fiber optic,Electronic check,7,0,0.6384226613969506,1
ref-66,66,112.06868047833824,525.2213000958035,Month-to-month,Fiber optic,Credit card (automatic),1,1,0.35222993172790384,0
ref-592,17,109.43926626765956,1988.5362241679973,One year,Fiber optic,Bank transfer (automatic),1,1,0.6964949138424947,1
ref-379,19,31.803765342467017,995.8414620646664,Month-to-month,Fiber optic,Credit card (automatic),0,0,0.49992205383606575,0
ref-1021,5,32.17716152656034,390.4361029042636,One year,No,Bank transfer (automatic),2,1,0.38254724487440733,0
ref-815,61,18.0,105.0168827547714,One year,Fiber optic,Credit card (automatic),5,0,0.2879240838084415,0
ref-647,39,29.12589707208207,454.9093534385744,Month-to-month,Fiber optic,Credit card (automatic),1,1,0.19261658537992443,0
